[
    {
        "id": 1,
        "priority": 1,
        "action": {
            "type": "modifyHeaders",
            "responseHeaders": [
                {
                    "header": "Cross-Origin-Embedder-Policy",
                    "operation": "set",
                    "value": "require-corp"
                },
                {
                    "header": "Cross-Origin-Opener-Policy",
                    "operation": "set",
                    "value": "same-origin"
                }
            ]
        },
        "condition": {
            "urlFilter": "*://*.chess.com/*",
            "resourceTypes": ["script", "main_frame", "sub_frame"]
        }
    }
]